line,snippet,label,note
2,"someone pooed my pants",joke,"distancing ""someone"" + punchline (taxonomy precedent)"
3,"Too much grinding for a story game",analysis,"short specific design-balance claim; borderline experience"
4,"really nice and fun sologame",experience,"thin personal reaction"
5,"probably my best experience in 3 years",experience,"thin personal endorsement"
6,"my game got deleted",experience,"personal event"
7,"has to much water didnt like",joke,"too-much-water meme (taxonomy example)"
8,"I'm replaying this after Subnautica 2",analysis,"cross-series evaluation/recommendation"
9,"Some QOL features are missing",analysis,"names missing feature: build from storage"
10,"I did not spoil myself at all",analysis,"specific design claims (PRAWN, Cyclops)"
11,"hell yea",experience,"thin endorsement"
12,"I LOST MY STUFF... AUTO-SAVE",experience,"strip loss → only a wish remains"
13,"holy peak gave my eyes an orgasm",joke,
14,"I played for 4 hours",experience,"taxonomy clear example"
15,"Lots of things to do and find",analysis,"thin claim about game content (updated taxonomy precedent)"
16,"gg",noise,
17,"good game but crashing lost savefile",experience,"crash/loss personal event; borderline analysis"
18,"I really thought it was going to be great",analysis,"specific critiques: superficial survival, copy-paste biomes, small map"
19,"id lowk crack ryley",joke,"references protagonist Ryley"
20,"just do it",noise,"generic imperative, no game reference"
21,"Genuinely the greatest game of all time.",experience,"thin personal endorsement"
22,"Zero gore and yet absolute terror",experience,"personal narrative: I went in / had fun"
23,"The base building leaves a lot to be desired",analysis,"taxonomy clear example"
24,"you cant sex reaper leviathans",joke,"taxonomy clear example"
25,"fantastic game but a little confusing for me",experience,"personal progress narrative"
26,"If my balls were tickled... 50+ crab squids",experience,"real event (afk aquarium breeding) w/ comedic framing; borderline joke"
27,"Subnautica's default VR support is unplayable",analysis,"taxonomy clear example"
28,"ITS GREAT!!!!",experience,"thin endorsement"
29,"I found the game grindy and very frustrating",experience,"taxonomy clear example (long)"
30,"Very excellent game",experience,"thin endorsement"
31,"it's so peak.",experience,"thin endorsement"
32,"Subnautica is proof the ocean is stunning/horrifying",analysis,"design observation: rewards/punishes exploration; borderline experience"
33,"relies a lot on exploring, need tutorial. runs great on my pc",analysis,"exploration-heavy claim + thin performance claim"
34,"fun its fun because its fun",noise,"circular nonsense"
35,"fun game with a great story",experience,"thin personal reaction"
36,"i like it",experience,"thin personal reaction"
37,"GREAT GAME",experience,"thin endorsement"
38,"What a immersive and great experience!",experience,"thin personal reaction"
39,"Not a huge fan of survival games but fun",experience,"personal arc: addicted despite non-fan, 40h"
40,"nice game",experience,"thin endorsement"
41,"Gather, craft, ad nauseam.",analysis,"terse gameplay-loop critique"
42,"What a unique and fun experience",experience,"thin personal reaction"
43,"5/5*",noise,"just a rating, no discourse type"
44,"very scared once u go to lost river",experience,"names specific biome + personal fear reaction"
45,"No idea how this game got the sales",analysis,"specific claims: 45s air, fps on 2080 Ti, $30"
46,"My time is too precious. Too much reading",experience,"personal disengagement narrative"
47,"10 of 10",noise,"just a rating, no discourse type"
48,"+atmosphere +complex story -no boss fights",analysis,"structured pros/cons, specific claims"
49,"Very fun!",experience,"thin endorsement"
50,"I love how further out the more dangerous",analysis,"design observation framed personally"
51,"A lot of tedium without much payoff",analysis,"terse gameplay critique; borderline noise"
52,"Subnautuca: 8/10 not a big fan of resource",analysis,"Titanium common, signposting; specific claims"
53,"too scared",experience,"thin personal reaction (explicit in vague generic statements rule)"
54,"why are my creations despawning?",noise,"support question"
55,"A little grindy... Wish there was multiplayer!",experience,"personal impression + wish"
56,"Enjoyed, and actually got some jump scares",experience,"mild personal reaction"
57,"Fantastic game... defend myself unlike sequels",analysis,"comparative claim vs sequels; borderline experience"
58,"the reaper leviathan sexed me",joke,
59,"Great but not for me.",experience,"thin personal verdict"
60,"HIGHLY RECOMMENDED... hides essential upgrades",analysis,"specific critiques + bug claims"
61,"kill every levi",noise,"bare reference, no construction"
62,"very good game, played in 2019",experience,"personal endorsement with time reference"
63,"ffih",noise,"gibberish"
64,"Great Game",experience,"thin endorsement"
65,"this game brought light to me life... orgasm",joke,
66,"I shat myself... went into the crater edge",experience,"personal narrative + specific event"
67,"perfect, just perfect.",experience,"thin endorsement"
68,"Redefining a genre",analysis,"thin genre/impact claim about the game"
69,"R.I.P MICHIGUN.",noise,"obscure reference, no discourse type"
70,"Game breaking bugs unfortunately easy to find.",analysis,"claim: game-breaking bugs common"
71,"It's good... no autosave... missed save button",experience,"personal loss event"
72,"big monsters, scary gaem",experience,"thin personal reaction"
73,"It was fun but became EXTREMELY tedious",analysis,"pacing claims, need wiki; borderline experience"
74,"The game does have some water.",joke,"deadpan too-much-water understatement"
75,"RECOMMEND",experience,"thin personal endorsement"
76,"Love This Game, So many hours on PS, moved to computer",experience,"multi-platform personal narrative"
77,"First time playing. Lost 4.5 hours crashed",experience,"crash lost progress, refund"
78,"What a marvelous experience!",experience,"thin enthusiastic reaction"
79,"good but to short",analysis,"length claim; borderline noise"
80,"Left my upgraded seamoth... reaper snatched it",experience,"vivid personal story"
81,"Great game, used nitrox to play with a friend",experience,"co-op via nitrox mod; personal"
82,"bosses hella easy... cocking a leviathan, knife 6x",joke,"deliberate false-advice trap"
83,"scarier than most horror games I've played",experience,"personal comparison/recommendation; borderline analysis"
84,"6 6 6 is santan number... peeper said 6 6 6",joke,"absurdist bit referencing peeper; borderline noise"
85,"Came back after 3 years... chill game",experience,"personal narrative (returned, finished)"
86,"Be careful you might drown",joke,"deadpan bit"
87,"Wow, what a game",experience,"thin personal reaction"
88,"if you like Minecraft this game is for you",experience,"thin endorsement + comparison"
89,"its heat",experience,"thin endorsement (slang)"
90,"10/10 great game",experience,"thin rating + endorsement"
91,"bad endgame",analysis,"segment critique; borderline noise"
92,"wonderful game and quite well optimised too",experience,"personal reaction dominant; well optimised = thin analysis but minority"
93,"q",noise,
94,"Welcome home captain",noise,"lore quote, no discourse type"
95,"cannot play on macos, press blank key all the time",experience,"personal technical failure narrative"
96,"im a bit lost... only 40 minutes into the game",experience,"in-progress personal account"
97,"thumbs down x2",noise,"just emojis"
98,"great game would recomend all difrent elements",experience,"thin personal endorsement"
99,"got this on deal for £6.40 best money",experience,"personal purchase + endorsement"
100,"never came further than the Aurora. Too scared",experience,"personal limit + humor"
101,"Visual slop",analysis,"thin negative aesthetic claim"
102,"game crashed lost 3 hours... cyclops/aurora/prawn",experience,"crash lost specific progress"
103,"downloaded game... 1am scared... mod completed under a week",experience,"rambly personal account"
104,"sdsad",noise,"gibberish"
105,"GILA",noise,"gibberish/unknown"
106,"install mods to add a map and inventory stacking",analysis,"names missing features: no map, no item stacking"
107,"end product should be one click... menu surfing",analysis,"crafting UI critique"
108,"Very fun recommend recommend",experience,"thin endorsement"
109,"atmosphere scary but creature designs repetitive",analysis,"specific design critique"
110,"Tbh... what story... oxygen under a minute",analysis,"specific critiques; borderline experience"
111,"GAME GOOD",experience,"thin endorsement"
112,"so bad... black out screen No Signal... reset twice",experience,"personal crash event"
113,"Big fish scary",experience,"thin personal reaction"
114,"FIRST RUN 2.8h... SECOND TRY reddit",experience,"two-run personal narrative"
115,"Wow amazing... 12 hours straight... new favorite",experience,"describable: 12h straight, new favorite"
116,"dont play if scared of big fishys",experience,"thin endorsement + personal warning"
117,"i jump into water and came out with PTSD",joke,"hyperbolic one-liner"
118,"I have thalassophobia now, 10/10",joke,"hyperbole format"
119,"I got lost so many times and shat my pants (8) times",joke,"(8) times bit; borderline experience"
120,"the reaper touched me",joke,"innuendo bit"
121,"PEAK but buggy",analysis,"bug claim + thin praise"
122,"tis very ggod",experience,"thin endorsement (misspelled)"
123,"it is the best game on earth",experience,"thin endorsement"
124,"too much water",joke,"meme"
125,"This is cool",experience,"thin personal reaction"
126,"beautifullllllll",experience,"thin aesthetic reaction"
127,"swimming simulator",analysis,"reductive genre claim about the game"
128,"Very good",experience,"thin endorsement"
129,"i don't know how to get steam VR working",noise,"support question"
130,"game is good poopoo",experience,"thin endorsement"
131,"spookiest peakiest",experience,"thin personal reaction"
132,"Greatest survival game ever... exploration rewarding and scary",analysis,"exploration design claim; borderline experience"
133,"coolio game",experience,"thin endorsement"
134,"pretty fun i made my cyclops into a mobile base",experience,"describable play choice"
135,"Boy do I hate the ocean...",experience,"personal narrative across time"
136,"Fun underwater... mesmers hypnotise you hit with knife",analysis,"describes specific game mechanic (mesmer + knife counter)"
137,"Subnautica is an absolute masterpiece",experience,"thin personal verdict"
138,"Addicting.",experience,"thin personal reaction"
139,"in hell... why can't you craft in the cyclops",experience,"in-moment frustration"
140,"Personally not my cup of tea... too cartoony... no help",analysis,"argued evaluative claims; borderline experience"
141,"This game is beautiful... water always looks forced in other games",analysis,"rendering comparison claim"
142,"fun game to play",experience,"thin endorsement"
143,"this game is too good to be true",experience,"thin personal reaction"
144,"reapers",noise,"bare reference"
145,"it is just not fun",experience,"thin personal verdict"
146,"W lore",analysis,"thin quality claim about game lore"
147,"every ~5 hours my game file gets damaged",experience,"recurring bug event"
148,"Awesome Game!!!",experience,"thin endorsement"
149,"Hit a crash and lost a chunk... no auto save",experience,"crash lost progress"
150,"wanted to like... too scripted for me... 15 hours",experience,"personal taste narrative"
151,"Unbelievable how this exploration game punishes",analysis,"extensive design critiques"
152,"my most fav game yet lol very good",experience,"thin personal endorsement"
153,"Building mechanics strange, block-out range confusing",analysis,"specific design critique"
154,"too much water and not scary enough",joke,"riffs on meme; borderline analysis"
155,"Peak just as the others",experience,"thin endorsement with series reference"
156,"the graphics are so good like it looks so real",analysis,"thin graphics quality claim"
157,"reaper levaiathan ate my submarine for fun",experience,"brief event; borderline joke"
158,"reaper made me go through hell",experience,"thin personal reaction to encounter"
159,"ah yes papi go deeper",joke,"punchline referencing diving"
160,"kinda boring",experience,"thin personal verdict"
161,"Ok i wish there was more guidance... no hp bar",experience,"wishes/complaints; personal"
162,"Horrify yet super fun",experience,"thin personal reaction"
163,"gatdang what a beauty of a game",experience,"thin enthusiastic reaction"
164,"yk swimming and stuff prety fun",experience,"thin personal reaction"
165,"long macOS technical performance review",analysis,"detailed technical claims"
166,"great game but uninstalled... no resources spawning",experience,"personal abandonment narrative"
167,"Genuinely goated",experience,"thin endorsement"
168,"Wholy peak",experience,"thin endorsement"
169,"TLDR can no longer recommend... 45s air... day/night too quick",analysis,"extensive design critiques"
170,"don't get me wrong, I was scared the whole time. But damn its fun",experience,"thin personal reaction"
171,"best survival game... I wish more deadlier weapons",experience,"personal reaction + wish"
172,"very boring... vr not even fun",experience,"personal verdict (boring, VR)"
173,"vey good but got jumpscared by a reaper leviathan",experience,"brief reaction + event"
174,"DONT PLAY HARDCORE",noise,"gameplay tip/warning"
175,"it is the best",experience,"thin endorsement"
176,"👎",noise,"just an emoji, no discourse type"
177,"fun in bursts... final submarine runs out of power instantly",analysis,"specific design critiques"
178,"Beautiful engaging... only real complaint lack of a map",analysis,"feature eval + missing feature (no map)"
179,"I have no idea what to do. Nothing tells me",analysis,"claim: no guidance system"
180,"I did everything... still clench at reaper sound",experience,"personal reaction post-completion"
181,"would it be possible to add a 4th happy ending",noise,"forum-style dev request"
182,"AMAZINGG slow burn at first",experience,"personal reaction narrative"
183,"Amazing game, unsure for years, played second one",experience,"personal path to playing"
184,"One of the greatest... bought it three times",experience,"personal purchase history + endorsement"
185,"i spent 3 hours grinding just for game to crash",experience,"crash lost progress"
186,"solar panels tiny underwater... suicidal pufferfish",analysis,"specific design observations"
187,"crafting busy work... last save 40 min ago... lost 40 min",experience,"disengagement + personal loss event"
188,"its a very fun exploration type game, totally not scary at all",joke,"sarcasm"
189,"Just not for me I don't enjoy the feeling of being lost",experience,"personal taste narrative"
190,"too much water. im hydrophobic",joke,"meme + bit"
191,".",noise,
192,"game abandoned after three hours... can't find gold/silver",experience,"abandonment narrative"
193,"very very fun, it has quickly become my favorite game",experience,"personal reaction"
194,"Playing this after i liked the 2nd one, its pretty good",experience,"personal path + thin endorsement"
195,"Worth it",experience,"thin personal verdict"
196,"Too much water",joke,"meme"
197,"best survival game ive ever played, followed since 2015",experience,"personal history + endorsement"
198,"not quite my game... kept crashing... only positive graphics",experience,"personal take with crash event"
199,"no",noise,
200,"YAY",noise,"content-free exclamation"
201,"loved it since i was little",experience,"personal history with the game"
202,"exploring, not overwhelming early game... collect knowledge to database",analysis,"describes game design/progression"
203,"i just love everything about it overall",experience,"thin personal endorsement"
204,"This game makes me extremely wet.",joke,"literal joke — sounds risqué but completely literal in a swimming game"
205,"Changing my review from good game to crap game.",experience,"personal verdict change"
206,"ALL SURVIVAL GAMES GOOD BUT SUBNAUTICA ON TOP",experience,"enthusiastic personal endorsement"
207,"the best unofficial horror game ever",analysis,"thin genre/category claim"
208,"to scawy",experience,"thin personal reaction"
209,"BEST Game EVERRRR",experience,"thin enthusiastic endorsement"
210,"after beating... GO IN AS CLUELESS AS POSSIBLE",experience,"personal playthrough advice + experience"
211,"Played through public development... best games ever made",experience,"personal history (followed development) + endorsement"
213,"too addictave i dont suggest this game",experience,"ironic personal recommendation"
214,"good game my comp ewants to die",experience,"thin endorsement + personal technical issue"
215,"Absolutely loved... submarine mechanics perfect",experience,"personal enthusiasm narrative"
216,"Lack of neutral option... copper grindy... map too big slow vehicles",analysis,"extensive balanced critique"
217,"Awesome game",experience,"thin endorsement"
218,"didnt run on a 5 year old laptop... crashed before start",experience,"personal failure narrative"
219,"Can't eat the alien poop",joke,"absurdist item reference"
220,"Be me... flying pebble... runs like DOOM unplugged",joke,"greentext comedic format"
221,"Overhyped.",analysis,"thin claim about game's reputation vs reality"
222,"POV want VR but need Mods... controllers dont work",analysis,"VR critique: doesn't work without mods"
223,"PROs/Cons... no map... food/water too fast 5/10",analysis,"structured pros/cons, specific claims"
224,"probably one of the best survival games of all time",experience,"thin personal endorsement"
225,"amazing game... came because of youtube videos",experience,"personal path + endorsement"
226,"my first serious survival crafting game... phenomenal",experience,"personal first-time narrative; borderline analysis"
227,"honestly so good might be best game in a long time",experience,"thin personal endorsement"
228,"I have tried again and again to like this game",experience,"repeated attempts personal narrative"
229,"no idea what to do... no map... not for me",analysis,"claims: no map, no guidance; borderline experience"
230,"seamoth teleported under ground... lost 25 hours",experience,"personal loss + decade-bug claim; experience dominant"
231,"killed by a bug... lost entire inventory",experience,"explicit personal event"
232,"gud in shallow not gud near leviathan",experience,"thin personal verdict by game area"
233,"You already know it's amazing... exploring, graphics, music",analysis,"thin claims about game properties (exploration, graphics, music)"
234,"Meh.",experience,"thin personal verdict"
235,"cuddlefish favorite... named my cyclops",experience,"describable customization"
236,"Subnautica amazing... starts exploration/story... later building/scan",analysis,"describes game mechanics/structure"
237,"heard it worked in vr, couldn't get it to work",experience,"personal technical failure"
238,"It's so boring",experience,"thin personal verdict"
239,"HOPECORE 💖",noise,"community meme/aesthetic, no discourse type"
240,"very fun but scary",experience,"thin personal reaction"
241,"Straight banger, multiplayer mod for coop",analysis,"names co-op mod capability; borderline noise"
242,"mommy sea emperor... im crying... i love fish fiiiish",joke,"absurdist outburst"
243,"Fun game, but gets stressful lol",experience,"thin personal reaction"
244,"never played anything better ever",experience,"thin personal endorsement"
245,"im scared and i love it 10/10",experience,"thin personal reaction"
246,"tuff needs patience... terrifying till thermoblade and stasis rifle",analysis,"names specific items/progression"
247,"Grindy without payoff... no incentive... no real threats",analysis,"design critiques"
248,"This game is so cool.",experience,"thin endorsement"
249,"10/10 Would recommend. Remember: Oxygen Water Food",noise,"gameplay tip"
250,"best game of all time cant wait for second one",experience,"thin endorsement + anticipation"
251,"Want to love cant... draw distance... vehicles falling through world",analysis,"specific bug/technical critiques"
252,"5/10 too much water lowk but still peak",joke,"meme riff"
253,"play",noise,"bare imperative, no discourse type"
254,"Yes is good. Once you figure out base building youll get hooked",experience,"personal endorsement"
255,"10/10.",noise,"just a rating, no discourse type"
256,"Not good game just get Minecraft",analysis,"thin negative claim + comparison"
257,"hot dookie bun bun buns",noise,"gibberish"
258,"super fun totally nolt scary go play",joke,"sarcasm"
259,"Great Game but Cyclops defeated by a flying pebble every time",experience,"recurring bug event w/ humor; borderline joke"
260,"Just play and have fun you not going to regret it",experience,"personal endorsement"
261,"excellent game... combat isnt good... 40-45 hours to 100%",analysis,"feature eval + concrete details"
262,"Does not have a map, not much accessibility options",analysis,"specific missing features"
263,"really fun immersive... good scare with leviathans... recommend",experience,"personal endorsement with elements"
264,"Ii like this game",experience,"thin personal endorsement"
265,"peak?",experience,"thin uncertain endorsement"
266,"rlly fun =D",experience,"thin personal reaction"
267,"THE WORST GAME EVER",experience,"thin negative personal verdict"
268,"this game is boring dont buy... just boring",experience,"thin personal negative verdict"
269,"crashed lost 3-4 hours... Edit hasn't crashed since",experience,"crash event + update"
270,"Good game great story but cant finish cuz played too much creative",experience,"personal: forgot how to play"
271,"After completing didn't enjoy... story via PDA/text... Neptune rocket",analysis,"specific critiques; borderline experience"
272,"Its decent",experience,"thin personal verdict"
273,"MY SHIP GOT FLIP SO MEANY TIME IMA CRY",experience,"ship-flipping personal gripe"
274,"Great game, fun creatures and lovely scenery.",analysis,"thin claims about game content/properties"
275,"has all you look for in horror... runs on ANYTHING... story REALLY good",analysis,"structured evaluation; borderline experience"
276,"very fun, would help if next steps easier to figure out",experience,"personal endorsement + wish"
277,"completed on ps4, rebought for nostalgia... solid story vs Below Zero",experience,"personal repurchase + thin comparison"
278,"we'd have flying cars... horny fanart of cuddlefish... THE FUTURE IS NOW",joke,"community-culture bit"
279,"One of the best survival games ive played... story twists",experience,"personal endorsement + anticipation"
280,"one of the greatest games ever made",experience,"thin personal endorsement"
281,"lots of lore and some glitches but fun glitches",experience,"personal reaction to game elements"
282,"Best survival game of all time.",experience,"thin personal endorsement"
283,"fish game you should try it",experience,"thin personal recommendation"
284,"Boring as ♥♥♥♥.",experience,"thin personal verdict"
285,"Cuddlefish goated",experience,"thin endorsement of specific game element"
